1,-4,https://cdn.hypeauditor.com/img/instagram/user/305701719.jpg?w=150&till=1688286103&sign=edade3831e403e2a5179eb8b60a3768e,jlo,Jennifer Lopez,https://hypeauditor.com/instagram/jlo/,Music;Cinema & Actors/actresses,248.8M,United States,498.5K,731.3K,https://hypeauditor.com/public/instagram/jlo/?fh=e6c74b7808e9a28f3c09d7b02ad084f6
2,-29,https://cdn.hypeauditor.com/img/instagram/user/1287006597.jpg?w=150&till=1688286103&sign=ce954c44310aa8fe1c09497ae274f989,vindiesel,Vin Diesel,https://hypeauditor.com/instagram/vindiesel/,Cinema & Actors/actresses,96.7M,United States,602.7K,774.5K,https://hypeauditor.com/public/instagram/vindiesel/?fh=8fef29bd4e99b068a231690fc6d29691
3,0,https://cdn.hypeauditor.com/img/instagram/user/5405460985.jpg?w=150&till=1688286103&sign=2cf3339bc1be33f85a58746d7bb02175,realstraykids,Stray Kids,https://hypeauditor.com/instagram/realstraykids/,Music,25.9M,Indonesia,1.6M,2M,https://hypeauditor.com/public/instagram/realstraykids/?fh=b80ef9dc496be48bfc7e3914585cf745
4,-5,https://cdn.hypeauditor.com/img/instagram/user/1376331573.jpg?w=150&till=1688286103&sign=20e71fa966257e8bedef3231190b0d5c,meganfox,Megan Fox,https://hypeauditor.com/instagram/meganfox/,Cinema & Actors/actresses,21.2M,United States,1.4M,2.3M,https://hypeauditor.com/public/instagram/meganfox/?fh=95662efcfe17fcf7163b4bdbdbbd50f1
5,-48,https://cdn.hypeauditor.com/img/instagram/user/266319242.jpg?w=150&till=1688286103&sign=e6c79dfbcc39c45e2a5d0a1717adf7e0,theweeknd,Abel Tesfaye,https://hypeauditor.com/instagram/theweeknd/,Music,61.3M,United States,563.4K,763.1K,https://hypeauditor.com/public/instagram/theweeknd/?fh=d6fdae6aa1565942e8a213dfcde445e7
6,-45,https://cdn.hypeauditor.com/img/instagram/user/7141291.jpg?w=150&till=1688286103&sign=bd6f3b1e0c8f98b219ae333c2d028ea3,haileybieber,Hailey Rhode Baldwin Bieber,https://hypeauditor.com/instagram/haileybieber/,Lifestyle;Modeling,49.8M,United States,616.9K,828.8K,https://hypeauditor.com/public/instagram/haileybieber/?fh=7d08f433e73186b02738052533de5a21
7,8,https://cdn.hypeauditor.com/img/instagram/user/1999824.jpg?w=150&till=1688286103&sign=a7082824e980e83f623088c97362c7c0,emrata,Emily Ratajkowski,https://hypeauditor.com/instagram/emrata/,Modeling,30.2M,United States,837.9K,1.2M,https://hypeauditor.com/public/instagram/emrata/?fh=57cf4d3fb44848b100ff02595e6b9d2e
8,-35,https://cdn.hypeauditor.com/img/instagram/user/386189519.jpg?w=150&till=1688286103&sign=7e86644aef1b0258fffd80f2908c9108,ester_exposito,Ester üåô,https://hypeauditor.com/instagram/ester_exposito/,Cinema & Actors/actresses,27.4M,Mexico,821.4K,1.2M,https://hypeauditor.com/public/instagram/ester_exposito/?fh=80bfa685bdd07f61a11541343ad8097e
9,110,https://cdn.hypeauditor.com/img/instagram/user/479550516.jpg?w=150&till=1688286103&sign=a798fa4d4b706f756de201d2a4ecd19e,judebellingham,Jude Bellingham,https://hypeauditor.com/instagram/judebellingham/,Lifestyle;Sports with a ball,13.1M,United Kingdom,980.1K,2.6M,https://hypeauditor.com/public/instagram/judebellingham/?fh=9a4bab2983593c9d8a4e4bb1170ce6eb
10,-24,https://cdn.hypeauditor.com/img/instagram/user/26432547111.jpg?w=150&till=1688286103&sign=6e95ec87e0d362cfd7c0c4bb52f70986,johnnydepp,Johnny Depp,https://hypeauditor.com/instagram/johnnydepp/,Cinema & Actors/actresses;Music,28.2M,United States,885.7K,1.2M,https://hypeauditor.com/public/instagram/johnnydepp/?fh=2cd2e18ac7aa81b22657978908ff1207
11,0,https://cdn.hypeauditor.com/img/instagram/user/261081791.jpg?w=150&till=1688286103&sign=d3aaa24697185bab2baa26ff6550b3e6,feliciathegoat,"Tyler, The Creator",https://hypeauditor.com/instagram/feliciathegoat/,Music,14.2M,United States,1M,1.7M,https://hypeauditor.com/instagram/feliciathegoat/
12,263,https://cdn.hypeauditor.com/img/instagram/user/39673499275.jpg?w=150&till=1688286103&sign=3518faeafe3f8bedaa6d468eec6e9c11,enhypen,ENHYPEN,https://hypeauditor.com/instagram/enhypen/,Lifestyle,13M,Indonesia,1.5M,1.8M,https://hypeauditor.com/instagram/enhypen/
13,77,https://cdn.hypeauditor.com/img/instagram/user/7996847.jpg?w=150&till=1688286103&sign=415a9eaca947414b6a0bc93076655901,iamhalsey,halsey,https://hypeauditor.com/instagram/iamhalsey/,Music,31.8M,United States,508.3K,668.9K,https://hypeauditor.com/instagram/iamhalsey/
14,18,https://cdn.hypeauditor.com/img/instagram/user/10685362.jpg?w=150&till=1688286103&sign=e5f5154e17dc7ec3af569aa107e06792,asaprocky,A$AP ROCKY,https://hypeauditor.com/instagram/asaprocky/,Music,17.2M,United States,726.1K,1.2M,https://hypeauditor.com/instagram/asaprocky/
15,-61,https://cdn.hypeauditor.com/img/instagram/user/421468021.jpg?w=150&till=1688286103&sign=335a92cfa752480206156ead75bdeb52,thenotoriousmma,Conor McGregor Official,https://hypeauditor.com/instagram/thenotoriousmma/,Fitness & Gym,46.5M,United States,329.6K,438.1K,https://hypeauditor.com/instagram/thenotoriousmma/
16,-17,https://cdn.hypeauditor.com/img/instagram/user/303054725.jpg?w=150&till=1688286103&sign=d38293a89c697dd1cb7054dd320c5de3,justintimberlake,Justin Timberlake,https://hypeauditor.com/instagram/justintimberlake/,Music;Art/Artists;Cinema & Actors/actresses,70.3M,United States,214.1K,286K,https://hypeauditor.com/instagram/justintimberlake/
17,74,https://cdn.hypeauditor.com/img/instagram/user/361836445.jpg?w=150&till=1688286103&sign=1bac7769ed4f9e56cd9ee4e42c323201,hoooooyeony,Hoyeon,https://hypeauditor.com/instagram/hoooooyeony/,Lifestyle;Music,21.1M,South Korea,704K,921.5K,https://hypeauditor.com/instagram/hoooooyeony/
18,-19,https://cdn.hypeauditor.com/img/instagram/user/32406002.jpg?w=150&till=1688286103&sign=459dd03b64c868ef7a9c2eb79df5b101,hannahstocking,Hannah Stocking,https://hypeauditor.com/instagram/hannahstocking/,Modeling,25.2M,United States,571.1K,765.3K,https://hypeauditor.com/instagram/hannahstocking/
19,-60,https://cdn.hypeauditor.com/img/instagram/user/303947497.jpg?w=150&till=1688286103&sign=c556e6e913f124bb68796d1ca5085c87,cznburak,Burak OÃàzdemir,https://hypeauditor.com/instagram/cznburak/,Food & Cooking,48.7M,Turkey,243.9K,330.7K,https://hypeauditor.com/instagram/cznburak/
20,45,https://cdn.hypeauditor.com/img/instagram/user/29449940.jpg?w=150&till=1688286103&sign=ff114688018f04f067d79fed6217f804,evcenf,Fahriye Evcen √ñz√ßivit,https://hypeauditor.com/instagram/evcenf/,Lifestyle;Beauty,13.6M,Turkey,937.2K,1.2M,https://hypeauditor.com/instagram/evcenf/
21,0,https://cdn.hypeauditor.com/img/instagram/user/3172510187.jpg?w=150&till=1688286103&sign=d6eab54a62c086d5e613cfcd5953eb65,finnwolfhardofficial,Finn Wolfhard,https://hypeauditor.com/instagram/finnwolfhardofficial/,Music;Cinema & Actors/actresses,24.7M,Brazil,466.6K,607.3K,https://hypeauditor.com/instagram/finnwolfhardofficial/
22,-7,https://cdn.hypeauditor.com/img/instagram/user/380088587.jpg?w=150&till=1688286103&sign=68c9614c85cc3aa4ce718df71b1a44a1,kingryan,Ryan Garcia,https://hypeauditor.com/instagram/kingryan/,Fitness & Gym,10.4M,United States,945K,1.4M,https://hypeauditor.com/instagram/kingryan/
23,21,https://cdn.hypeauditor.com/img/instagram/user/942821982.jpg?w=150&till=1688286103&sign=deffe8ba4ee336dc45a7464ce40b4a73,aron.piper,ARONüåúüåû,https://hypeauditor.com/instagram/aron.piper/,Music;Lifestyle,13.1M,Brazil,452.9K,852.9K,https://hypeauditor.com/instagram/aron.piper/
24,35,https://cdn.hypeauditor.com/img/instagram/user/210746792.jpg?w=150&till=1688286103&sign=8487368b246a345c92ed196a4fae1bfb,realbarbarapalvin,Barbara Palvin,https://hypeauditor.com/instagram/realbarbarapalvin/,Modeling;Fashion,19.4M,Russia,408K,550.7K,https://hypeauditor.com/instagram/realbarbarapalvin/
25,-27,https://cdn.hypeauditor.com/img/instagram/user/1777628093.jpg?w=150&till=1688286103&sign=4f25e348db8caa74bfbb8cd16c077c61,salmahayek,Salma Hayek Pinault,https://hypeauditor.com/instagram/salmahayek/,Cinema & Actors/actresses,24.9M,United States,346.4K,427.6K,https://hypeauditor.com/instagram/salmahayek/
26,-84,https://cdn.hypeauditor.com/img/instagram/user/1665466078.jpg?w=150&till=1688286103&sign=e8018ed269440d69c5222ce551df28ec,larissamanoela,Larissa Manoela,https://hypeauditor.com/instagram/larissamanoela/,Cinema & Actors/actresses,49.3M,Brazil,122.1K,202.5K,https://hypeauditor.com/instagram/larissamanoela/
27,-42,https://cdn.hypeauditor.com/img/instagram/user/2964949070.jpg?w=150&till=1688286103&sign=0ad62704c5406781ef6169e3745faaca,bellapoarch,Bella Poarch,https://hypeauditor.com/instagram/bellapoarch/,Lifestyle;Music,12.9M,United States,589.9K,762.4K,https://hypeauditor.com/instagram/bellapoarch/
28,135,https://cdn.hypeauditor.com/img/instagram/user/4575928060.jpg?w=150&till=1688286103&sign=b2440e18d77a06070c7c5f9856316273,adamweitsman,Adam Weitsman,https://hypeauditor.com/instagram/adamweitsman/,Business & Careers,20M,Russia,354.9K,434.3K,https://hypeauditor.com/instagram/adamweitsman/
29,-7,https://cdn.hypeauditor.com/img/instagram/user/211949886.jpg?w=150&till=1688286103&sign=33ea3d665569773a69203df05970e206,thebursin,Kerem BuÃàrsin,https://hypeauditor.com/instagram/thebursin/,Cinema & Actors/actresses,11.3M,Russia,570K,730.7K,https://hypeauditor.com/instagram/thebursin/
30,-2,https://cdn.hypeauditor.com/img/instagram/user/301424316.jpg?w=150&till=1688286103&sign=890efb8b6da1c19ca5f4968822c02357,neslihanatagul,Neslihan AtaguÃàl DogÃÜulu,https://hypeauditor.com/instagram/neslihanatagul/,Cinema & Actors/actresses;Modeling,14.1M,Turkey,457.9K,580.6K,https://hypeauditor.com/instagram/neslihanatagul/
31,-20,https://cdn.hypeauditor.com/img/instagram/user/203296913.jpg?w=150&till=1688286103&sign=2d29dad76b5ad16456250e0d31c92f46,amauryguichon,Amaury Guichon,https://hypeauditor.com/instagram/amauryguichon/,Food & Cooking,11.6M,United States,520.9K,634.8K,https://hypeauditor.com/instagram/amauryguichon/
32,0,https://cdn.hypeauditor.com/img/instagram/user/206022012.jpg?w=150&till=1688286103&sign=ddc8b3d8126ddf338190b230f176e445,nina,Nina Dobrev,https://hypeauditor.com/instagram/nina/,Cinema & Actors/actresses,26.4M,Brazil,183.6K,263.4K,https://hypeauditor.com/instagram/nina/
33,0,https://cdn.hypeauditor.com/img/instagram/user/51794780308.jpg?w=150&till=1688286103&sign=c62d020611403d2d459b7c87f81acba7,jy_piece,Ï†ïÏó∞ (JEONGYEON),https://hypeauditor.com/instagram/jy_piece/,,7.5M,Brazil,704.5K,876.5K,https://hypeauditor.com/instagram/jy_piece/
34,0,https://cdn.hypeauditor.com/img/instagram/user/1506607755.jpg?w=150&till=1688286103&sign=9e9dff304c8846369334d44578d2c3c5,leonardodicaprio,Leonardo DiCaprio,https://hypeauditor.com/instagram/leonardodicaprio/,Cinema & Actors/actresses,59.1M,United States,89.4K,109.7K,https://hypeauditor.com/instagram/leonardodicaprio/
35,0,https://cdn.hypeauditor.com/img/instagram/user/651115599.jpg?w=150&till=1688286103&sign=a5aef0601cd6ff2b3e3b91ebd51b6731,snejanaonopka15,Snejana Onopka,https://hypeauditor.com/instagram/snejanaonopka15/,Modeling,13.8M,Russia,388.4K,466.9K,https://hypeauditor.com/instagram/snejanaonopka15/
36,16,https://cdn.hypeauditor.com/img/instagram/user/220428576.jpg?w=150&till=1688286103&sign=0e9613e1e2e25f0cfb3e0cb22aab8d63,irinashayk,irina shayk,https://hypeauditor.com/instagram/irinashayk/,Modeling,22.3M,Russia,214.6K,271.9K,https://hypeauditor.com/instagram/irinashayk/
37,-100,https://cdn.hypeauditor.com/img/instagram/user/25096719.jpg?w=150&till=1688286103&sign=8ca7fce5a476f4c20114ba0135057640,rosiehw,Rosie HW,https://hypeauditor.com/instagram/rosiehw/,Modeling,18.7M,United States,222.7K,319.9K,https://hypeauditor.com/instagram/rosiehw/
38,0,https://cdn.hypeauditor.com/img/instagram/user/8332952409.jpg?w=150&till=1688286103&sign=c07142c2dbe0831881ae3d6472044278,dk_is_dokyeom,ÎèÑÍ≤∏,https://hypeauditor.com/instagram/dk_is_dokyeom/,Lifestyle;Music,5.3M,Indonesia,987.9K,1.1M,https://hypeauditor.com/instagram/dk_is_dokyeom/
39,-148,https://cdn.hypeauditor.com/img/instagram/user/11244852.jpg?w=150&till=1688286103&sign=8c861fe3db3dcbac16b025125f4cb6d4,c.syresmith,Jaden Smith,https://hypeauditor.com/instagram/c.syresmith/,Cinema & Actors/actresses;Lifestyle,19.9M,United States,145K,224.3K,https://hypeauditor.com/instagram/c.syresmith/
40,0,https://cdn.hypeauditor.com/img/instagram/user/44611043315.jpg?w=150&till=1688286103&sign=b0bf5b933484ae079a1076604238065d,hasbulla.hushetskiy,Hasbulla Magomedov,https://hypeauditor.com/instagram/hasbulla.hushetskiy/,Lifestyle,8.6M,Russia,333.6K,505.2K,https://hypeauditor.com/instagram/hasbulla.hushetskiy/
41,124,https://cdn.hypeauditor.com/img/instagram/user/352318531.jpg?w=150&till=1688286103&sign=44d9a644ac0350f29d3e0cfa42336416,subo_m,–°—É–±–æ –ú–∞–º–µ–¥–æ–≤,https://hypeauditor.com/instagram/subo_m/,Shows,11.4M,Russia,289.5K,353.6K,https://hypeauditor.com/instagram/subo_m/
42,-233,https://cdn.hypeauditor.com/img/instagram/user/26029182.jpg?w=150&till=1688286103&sign=aea952d5cd18b388c0654c6ddf53ab06,tatawerneck,Tata Werneck,https://hypeauditor.com/instagram/tatawerneck/,Cinema & Actors/actresses;Family,56.1M,Brazil,44.8K,69.8K,https://hypeauditor.com/instagram/tatawerneck/
43,0,https://cdn.hypeauditor.com/img/instagram/user/3320554260.jpg?w=150&till=1688286103&sign=996a3969d1604dfe43ea24d417186d63,tamaaev,–¢–∞–º–∞–µ–≤ –ê—Å—Ö–∞–±,https://hypeauditor.com/instagram/tamaaev/,Fitness & Gym,9.5M,Russia,294.9K,419.8K,https://hypeauditor.com/instagram/tamaaev/
44,0,https://cdn.hypeauditor.com/img/instagram/user/273497594.jpg?w=150&till=1688286103&sign=975a35639b62717e6b3eb6930e94727c,anastasiya_kvitko,AK ü§ç,https://hypeauditor.com/instagram/anastasiya_kvitko/,Lifestyle;Modeling,12.7M,United States,242.2K,296.5K,https://hypeauditor.com/instagram/anastasiya_kvitko/
45,0,https://cdn.hypeauditor.com/img/instagram/user/1453290263.jpg?w=150&till=1688286103&sign=88add5f667ecfbd39803538fddc717b0,jeremyrenner,Jeremy Renner,https://hypeauditor.com/instagram/jeremyrenner/,Shows;Cinema & Actors/actresses,21M,United States,149.4K,179.2K,https://hypeauditor.com/instagram/jeremyrenner/
46,0,https://cdn.hypeauditor.com/img/instagram/user/3065952778.jpg?w=150&till=1688286103&sign=6ff8ab1b375082e76cd77a1034c08997,vladimirshmondenko,VLADIMIR1 & mr ANATOLY,https://hypeauditor.com/instagram/vladimirshmondenko/,Fitness & Gym,6M,Ukraine,501.4K,632.5K,https://hypeauditor.com/instagram/vladimirshmondenko/
47,0,https://cdn.hypeauditor.com/img/instagram/user/244686507.jpg?w=150&till=1688286103&sign=3b9e35440b290123bac7308b36159be5,mathildtantot,Mathilde,https://hypeauditor.com/instagram/mathildtantot/,Lifestyle;Modeling,9.6M,United States,245.4K,371.7K,https://hypeauditor.com/instagram/mathildtantot/
48,0,https://cdn.hypeauditor.com/img/instagram/user/18848562.jpg?w=150&till=1688286103&sign=019f59de22b1eac719bec532857c1c7b,miketyson,Mike Tyson,https://hypeauditor.com/instagram/miketyson/,Fitness & Gym,21.6M,United States,125.9K,162.1K,https://hypeauditor.com/instagram/miketyson/
49,0,https://cdn.hypeauditor.com/img/instagram/user/335916623.jpg?w=150&till=1688286103&sign=43e5cd3660121377d9cb95f05f387ec7,t22felton,Tom Felton,https://hypeauditor.com/instagram/t22felton/,Music;Cinema & Actors/actresses,11.9M,United States,226.6K,293.6K,https://hypeauditor.com/instagram/t22felton/
50,0,https://cdn.hypeauditor.com/img/instagram/user/245009038.jpg?w=150&till=1688286103&sign=9094a66e61e6496a5d70a994a16c58eb,lilpump,Lil Pump,https://hypeauditor.com/instagram/lilpump/,Music,14.6M,United States,149.5K,233.8K,https://hypeauditor.com/instagram/lilpump/
